<?xml version="1.0" encoding="UTF-8" ?>
<VIRTUAL_DIR>
  <virtual_files>
    <OBJECT>
      <name val="area-restrita.png"/>
      <v_name val="area-restrita.png"/>
      <v_path val="Image import (7ba5)/"/>
      <crc val="e024"/>
    </OBJECT>
    <OBJECT>
      <name val="certo.png"/>
      <v_name val="certo.png"/>
      <v_path val="Image import (7ba5)/"/>
      <crc val="c3d5"/>
    </OBJECT>
    <OBJECT>
      <name val="bg.png"/>
      <v_name val="bg.png"/>
      <crc val="658a"/>
    </OBJECT>
    <OBJECT>
      <name val="key-white.png"/>
      <v_name val="key-white.png"/>
      <v_path val="Image import (7595)/"/>
      <crc val="6454"/>
    </OBJECT>
    <OBJECT>
      <name val="very-basic-unlock-icon.png"/>
      <v_name val="very-basic-unlock-icon.png"/>
      <v_path val="Image import (7595)/"/>
      <crc val="8d2e"/>
    </OBJECT>
    <OBJECT>
      <name val="logo.png"/>
      <v_name val="logo.png"/>
      <v_path val="Image import (d14a)/"/>
      <crc val="2208"/>
    </OBJECT>
    <OBJECT>
      <name val="slide-03-image-02.png"/>
      <v_name val="slide-03-image-02.png"/>
      <v_path val="Image import (ab7c)/"/>
      <crc val="7e54"/>
    </OBJECT>
    <OBJECT>
      <name val="topo.png"/>
      <v_name val="topo.png"/>
      <crc val="fc"/>
    </OBJECT>
    <OBJECT>
      <name val="wa_import.jpg"/>
      <v_name val="wa_import.jpg"/>
      <crc val="f66d"/>
    </OBJECT>
  </virtual_files>
</VIRTUAL_DIR>
